<?xml version="1.0" encoding="utf-8"?>
<extension version="3.0" type="template" client="site" method="upgrade">
<name>Zo2_cramos</name>
<creationDate>24 Feb 2014</creationDate>
<author>APL</author>
<authorEmail>support@apl.vn</authorEmail>
<authorUrl>http://github.com/aploss/</authorUrl>
<copyright>Copyright (c) 2008 - 2013 APL Solutions</copyright>
<license>http://www.gnu.org/licenses/gpl-2.0.html GPLv2 or later</license>
<version>1.0.0</version>
<description>
    <![CDATA[
			<!-- content goes here -->
		]]>
</description>

<languages>
    <language tag="en-GB">language/en-GB/en-GB.tpl_zo2_blank_template.ini</language>
</languages>
<positions>
    <position>top</position>
    <position>header_logo</position>
    <position>top-social</position>
    <position>top-menu</position>
    <position>search</position>
    <position>logo</position>
    <position>header_logo</position>
    <position>menu</position>
    <position>breadcrumb</position>
    <position>search</position>
    <position>slide</position>
    <position>user1</position>
    <position>user2</position>
    <position>user3</position>
    <position>user4</position>
    <position>left</position>
    <position>right</position>
    <position>feature</position>
    <position>bottom1</position>
    <position>bottom2</position>
    <position>bottom3</position>
    <position>bottom4</position>
    <position>footer_logo</position>
    <position>footer1</position>
    <position>footer2</position>
    <position>footer_copyright</position>
    <position>zt_language</position>
    <position>zt_search</position>
    <position>zt_top_menu</position>
    <position>zt_top_cart</position>
    <position>zt_slideshow</position>
    <position>zt_socical</position>
    <position>zt_newproducts</position>
    <position>zt_newsletters</position>
    <position>zt_bottom_1</position>
    <position>zt_bottom_2</position>
    <position>zt_bottom_3</position>
    <position>zt_breadcrumbs</position>
    <position>zt_manufacturers</position>
    <position>zt_scroller</position>
    <position>zt_banner_1</position>
    <position>zt_banner_2</position>
    <position>zt_banner_3</position>
    <position>zt_banner_4</position>
    <position>zt_header_1</position>
    <position>zt_header_2</position>
    <position>zt_header_3</position>
    <position>zo2-video</position>
</positions>

<files>
    <folder>layouts</folder>
    <folder>html</folder>
    <folder>assets</folder>
    <folder>components</folder>
    <folder>language</folder>
    <filename>index.php</filename>
    <filename>index.html</filename>
    <filename>layout.json</filename>
    <filename>error.php</filename>
    <filename>component.php</filename>
    <filename>template_preview.png</filename>
    <filename>template_thumbnail.png</filename>
</files>

<config>

    <fields name="params" addfieldpath="/plugins/system/zo2/formfields">
        <fieldset name="basic">
            <field name="site_name" type="text" default="Zo2 Hallo" label="Site name" />
            <field name="site_slogan" type="text" default="" label="Site slogan" />
            <field name="enable_rtl" type="radio" default="0" label="Enable RTL" class="btn-group" description="">
                <option value="0">JNO</option>
                <option value="1">JYES</option>
            </field>
            <field name="responsive_layout" type="radio" default="1" label="Responsive Layout" class="btn-group" description="Enable or disable responsive layout">
                <option value="0">JNO</option>
                <option value="1">JYES</option>
            </field>
            <field name="favicon" type="media" default="templates/zo2_cramos/assets/zo2/images/zo2-logo-red.png" label="Favicon" />
            <!--Header Option-->
            <field name="header_logo" type="logo" default="{&quot;type&quot;:&quot;image&quot;,&quot;path&quot;:&quot;templates/zo2_cramos/assets/zo2/images/logo.png&quot;,&quot;width&quot;:158,&quot;height&quot;:48}" label="Header logo" />
            <field name="header_retina_logo" type="logo" default="{&quot;type&quot;:&quot;image&quot;,&quot;path&quot;:&quot;templates/zo2_cramos/assets/zo2/images/logo.png&quot;,&quot;width&quot;:158,&quot;height&quot;:48}" label="Header Retina logo" />
            <!--Footer Option-->
            <field name="footer_copyright" type="textarea" default="Copyright © 2008 - 2014
&lt;a href=&quot;http://www.zootemplate.com/&quot; title=&quot;joomla templates&quot;&gt;Joomla Templates&lt;/a&gt;
by ZooTemplate.Com. All rights reserved." label="Copyright" filter="raw" />
            <field name="footer_logo" type="radio" default="1" label="Show footer logo" class="btn-group" description="Show Zo2 Framework footer logo">
                <option value="0">JNO</option>
                <option value="1">JYES</option>
            </field>
            <field name="footer_gototop" type="radio" default="0" label="Show &quot;Go to top&quot;" class="btn-group">
                <option value="0">JNO</option>
                <option value="1">JYES</option>
            </field>
        </fieldset>

        <fieldset name="layout" addfieldpath="/plugins/system/zo2/formfields">
            <field
                    type="layout"
                    name="layout" />
        </fieldset>
        <!--Mega Menus-->
        <fieldset name="megamenu" label="Megamenu">

            <field type="assets" name="assets" />
            <field name="hover_type" type="list" default="hover"
                   label="Hover type"
                   description="Hover type">
                <option value="hover">Mouse Hover</option>
                <option value="click">Mouse Click</option>
            </field>

            <field name="nav_type" type="list" default="joomla"
                   label="Navigation type"
                   description="Navigation type">
                <option value="megamenu">Megamenu</option>
            </field>

            <field name="animation" type="list" default=""
                   global="1"
                   label="Animation"
                   description="Animation">
                <option value="">None</option>
                <option value="fading">Fading</option>
                <option value="slide">Slide</option>
                <option value="zoom">Zoom</option>
                <option value="elastic">Elastic</option>
            </field>
            <field name="duration" type="text" default="400"
                   global="1"
                   label="Duration"
                   description="Duration" />

            <field name="show_submenu" type="radio" default="1"
                   label="Show submenu"
                   description="Show submenu" class="btn-group">
                <option value="0">JNO</option>
                <option value="1">JYES</option>
            </field>

            <field name="menu_type" type="menutype" default="mainmenu"
                   label="Menu type"
                   description="Menu type"
                    />

            <field name="menu_config" type="megamenu" hide="true"
                   label=""
                   description=""
                    />

        </fieldset>

        <fieldset name="fonts" label="Fonts">
            <field name="body_font" type="font" filter="raw" />
            <field name="h1_font" type="font" filter="raw" />
            <field name="h2_font" type="font" filter="raw" />
            <field name="h3_font" type="font" filter="raw" />
            <field name="h4_font" type="font" filter="raw" />
            <field name="h5_font" type="font" filter="raw" />
            <field name="h6_font" type="font" filter="raw" />
            <field name="fontdeck_code" type="textarea" filter="raw" label="FontDeck code"
                   description="Paste the JS script code from Step 1 in FontDeck website" />
        </fieldset>

        <fieldset name="themecolors" label="Theme Colors">
            <field name="theme" type="themecolor" filter="raw" default="" />
        </fieldset>

        <fieldset name="advanced" label="Advanced">

            <field name="ga_code" filter="raw" type="textarea" default="" label="Tracking code" description="Include the tracking code">
            </field>

            <field name="enable_googleauthorship" type="radio" default="0"
                   label="Google Authorship"
                   description="Google Authorship" class="btn-group">
                <option value="0">JNO</option>
                <option value="1">JYES</option>
            </field>
            <field name="google_profile_url" type="text" default=""
                   label="Google Profile URL"
                   description="Google Profile URL" />
            <!--Comments-->
            <field name="enable_comments" type="radio" default="0" label="Enable Comments" description="Enable Comments" class="btn-group">
                <option value="1">JYES</option>
                <option value="0">JNO</option>
            </field>

            <field name="tab_order" type="taborder" default="facebook,gplus,disqus,k2comment"
                   label="Tabs Order"
                   description="Only tabs listed will be showed"
                   desc=""
                    />

            <field name="disqus_shortname" type="disqus" default="zootemplates"
                   label="Disqus Shortname"
                   description="Required if showing the disqus tab" />

            <field name="facebook_label" type="text" default="Facebook"
                   label="Facebook Label"
                   description="" />

            <field name="gplus_label" type="text" default="Google+"
                   label="Google+ Label"
                   description="" />

            <field name="disqus_label" type="text" default="Disqus"
                   label="Disqus Label"
                   description="" />

            <field name="k2comment_label" type="text" default="Zo2 Framework"
                   label="K2 Comment Label"
                   description="" />

            <!-- Socials share -->
            <field name="socialshare_floatbar" type="list" default="normal" label="Enable floatbar">
                <option value="1">JYES</option>
                <option value="0">JNO</option>
            </field>
            <field name="show_in_article" type="radio" default="0" label="Show  in Article" description="Display social box in Article" class="btn-group">
                <option value="1">JYES</option>
                <option value="0">JNO</option>
            </field>

            <field name="catid" type="includecats" extension="com_content" size="10" default="" label="Include categories" description="Include categories" >
                <option value="">JOPTION_ALL_CATEGORIES</option>
            </field>
            <field name="show_in_category" type="radio" default="0" label="Show in Category"
                   description="Display social box in Category" class="btn-group">
                <option value="1">JYES</option>
                <option value="0">JNO</option>
            </field>

            <field name="show_in_featured" type="radio" default="0" label="Show in Featured"
                   description="Display social box in Featured page" class="btn-group">
                <option value="1">JYES</option>
                <option value="0">JNO</option>
            </field>

            <field name="show_social_article_list" type="radio" default="0" label="Show in list of articles"
                   description="Display static social box in list of articles" class="btn-group">
                <option value="1">JYES</option>
                <option value="0">JNO</option>
            </field>

            <field name="normal_position" type="list" label="Normal type"
                   description="Normal position" >
                <option value="top">Top</option>
                <option value="bottom">Bottom</option>
            </field>

            <field name="floating_position" type="list" label="Floating type"
                   description="Float position" >
                <option value="float_left">Left</option>
                <option value="float_right">Right</option>
            </field>

            <field
                    name="box_top"
                    type="text"
                    default="200"
                    label="Initial Top Position"
                    description="Initial Top Position"/>
            <field
                    name="box_left"
                    type="text"
                    default="200"
                    label="Left Position"
                    description="Left Position"/>
            <field
                    name="box_right"
                    type="text"
                    default="300"
                    label="Right Position"
                    description="Right Position"/>
            <field
                    name="box_style"
                    type="text"
                    default="text-align: center; border: 1px solid #A09999; padding: 7px; float: left;"
                    label="Box style"
                    description="Box style"/>

            <field name="social_order" type="socialorder" label="Ordering buttons" description="Drag and drop to change position of button"/>

            <field name="socialshare_floatbar" type="radio" default="0" label="Enable Socialshares floatbar" description="" class="btn-group">
                <option value="1">JYES</option>
                <option value="0">JNO</option>
            </field>
            <field name="fb_action" type="list" default="like" label="Facebook action " description="Facebook action">
                <option value="like">Like</option>
                <option value="recommend">Recommend</option>
            </field>

            <field name="fb_send" type="radio" default="0" label="Show Facebook Share" description="Display Facebook Share button" class="btn-group">
                <option value="0">Hide</option>
                <option value="1">Show</option>
            </field>
            <field name="menuexin" type="radio" default="0" label="Include/Exclude menus"
                   description="Include/Exclude menus" class="btn-group">
                <option value="1">Exclude</option>
                <option value="0">Include</option>
            </field>
            <field name="excl_menu" size="10" type="menuitem" label="Menus"
                   description="Menus" multiple="multiple"/>

            <field name="less_compile" type="radio" default="1" label="Compile LESS" class="btn-group">
                <option value="0">JNO</option>
                <option value="1">JYES</option>
            </field>
            <field name="combine_js" type="radio" default="0" label="Combine JS" description="Combine JS files into one file" class="btn-group">
                <option value="0">JNO</option>
                <option value="1">JYES</option>
            </field>
            <field name="combine_css" type="radio" default="0" label="Combine CSS" description="Combine CSS files into one file" class="btn-group">
                <option value="0">JNO</option>
                <option value="1">JYES</option>
            </field>
            <field name="component_area" type="radio" default="0" label="Hide Component Area" description="Show component area from front page" class="btn-group">
                <option value="0">JNO</option>
                <option value="1">JYES</option>
            </field>
            <field name="load_jquery" type="radio" default="0" label="Load jQuery" description="Force load jQuery" class="btn-group">
                <option value="0">JNO</option>
                <option value="1">JYES</option>
            </field>

            <field name="debug_visibility" type="radio" default="0" label="Debug" class="btn-group" description="Allow Developer to rebuild the cache. ONLY use this feature if you are developer">
                <option value="0">JNO</option>
                <option value="1">JYES</option>
            </field>
            <field name="disable_mootools" type="radio" default="1" label="Disable mootools" class="btn-group" description="Disable mootools to avoid script conflict">
                <option value="0">JNO</option>
                <option value="1">JYES</option>
            </field>
        </fieldset>
    </fields>
</config>
</extension>


