[{"type":"row","name":"Top","customClass":"zt_top","id":"zt_top","fullwidth":false,"visibility":{"xs":true,"sm":true,"md":true,"lg":true},"children":[{"type":"col","name":"zt_language","position":"zt_language","span":3,"offset":0,"customClass":"zt_language_inner col-sm-4 col-xs-4","style":"zo2_xhtml","id":"","visibility":{"xs":true,"sm":true,"md":true,"lg":true},"children":[]},{"type":"col","name":"header_logo","position":"header_logo","span":6,"offset":0,"customClass":"zt_top_menu_inner col-sm-8 col-xs-8","style":"zo2_xhtml","id":"","visibility":{"xs":true,"sm":true,"md":true,"lg":true},"children":[]},{"type":"col","name":"top-menu","position":"top-menu","span":3,"offset":0,"customClass":"zt_top_menu_inner","style":"zo2_xhtml","id":"","visibility":{"xs":true,"sm":true,"md":true,"lg":true},"children":[]}]},{"type":"row","name":"Header","customClass":"zt_header","id":"zt_header","fullwidth":false,"visibility":{"xs":true,"sm":true,"md":true,"lg":true},"children":[{"type":"col","name":"mega_menu","position":"mega_menu","span":9,"offset":0,"customClass":"zt_main_menu_inner col-sm-9 col-xs-3 col-lg-8","style":"zo2_xhtml","id":"","visibility":{"xs":true,"sm":true,"md":true,"lg":true},"children":[]},{"type":"col","name":"zt_search","position":"zt_search","span":3,"offset":0,"customClass":"zt_search_inner","style":"zo2_xhtml","id":"","visibility":{"xs":true,"sm":true,"md":true,"lg":true},"children":[]}]},{"type":"row","name":"Slideshow","customClass":"zt_slideshow","id":"zt_slideshow","fullwidth":true,"visibility":{"xs":true,"sm":true,"md":true,"lg":true},"children":[{"type":"col","name":"zt_slideshow","position":"zt_slideshow","span":12,"offset":0,"customClass":"zt_slideshow_inner","style":"zo2_xhtml","id":"","visibility":{"xs":true,"sm":true,"md":true,"lg":true},"children":[]}]},{"type":"row","name":"Breadcrumbs","customClass":"zt_breadcrumbs","id":"zt_breadcrumbs","fullwidth":false,"visibility":{"xs":true,"sm":true,"md":true,"lg":true},"children":[{"type":"col","name":"zt_breadcrumbs","position":"zt_breadcrumbs","span":12,"offset":0,"customClass":"zt_breadcrumbs_inner","style":"zo2_xhtml","id":"zt_breadcrumbs_inner","visibility":{"xs":true,"sm":true,"md":true,"lg":true},"children":[]}]},{"type":"row","name":"Banners","customClass":"zt_banners","id":"banners","fullwidth":false,"visibility":{"xs":true,"sm":true,"md":true,"lg":true},"children":[{"type":"col","name":"zt_banner_3","position":"zt_banner_3","span":12,"offset":0,"customClass":"","style":"none","id":"","visibility":{"xs":true,"sm":true,"md":true,"lg":true},"children":[]}]},{"type":"row","name":"Header-Products","customClass":"zt_header_products","id":"zt_header_products","fullwidth":false,"visibility":{"xs":true,"sm":true,"md":true,"lg":true},"children":[{"type":"col","name":"user1","position":"user1","span":3,"offset":0,"customClass":"col-sm-3 col-xs-3","style":"zo2_xhtml","id":"","visibility":{"xs":true,"sm":true,"md":true,"lg":true},"children":[]},{"type":"col","name":"user2","position":"user2","span":3,"offset":0,"customClass":"col-sm-3 col-xs-3","style":"zo2_xhtml","id":"","visibility":{"xs":true,"sm":true,"md":true,"lg":true},"children":[]},{"type":"col","name":"user3","position":"user3","span":3,"offset":0,"customClass":"col-sm-3 col-xs-3","style":"zo2_xhtml","id":"","visibility":{"xs":true,"sm":true,"md":true,"lg":true},"children":[]},{"type":"col","name":"user4","position":"user4","span":3,"offset":0,"customClass":"col-sm-3 col-xs-3","style":"zo2_xhtml","id":"","visibility":{"xs":true,"sm":true,"md":true,"lg":true},"children":[]}]},{"type":"row","name":"Header-Products","customClass":"zt_header_products","id":"zt_header_products","fullwidth":false,"visibility":{"xs":true,"sm":true,"md":true,"lg":true},"children":[{"type":"col","name":"zt_header_1","position":"zt_header_1","span":4,"offset":0,"customClass":"col-sm-4 col-xs-4","style":"zo2_xhtml","id":"","visibility":{"xs":true,"sm":true,"md":true,"lg":true},"children":[]},{"type":"col","name":"zt_header_3","position":"zt_header_3","span":8,"offset":0,"customClass":"col-sm-4 col-xs-4","style":"zo2_xhtml","id":"","visibility":{"xs":true,"sm":true,"md":true,"lg":true},"children":[]}]},{"type":"row","name":"(unnamed row)","customClass":"","id":"","fullwidth":false,"visibility":{"xs":true,"sm":true,"md":true,"lg":true},"children":[{"type":"col","name":"zt_header_2","position":"zt_header_2","span":12,"offset":0,"customClass":"","style":"zo2_xhtml","id":"","visibility":{"xs":true,"sm":true,"md":true,"lg":true},"children":[]}]},{"type":"row","name":"Newproducts","customClass":"zt_newproducts","id":"zt_newproducts","fullwidth":false,"visibility":{"xs":true,"sm":true,"md":true,"lg":true},"children":[{"type":"col","name":"zt_newproducts","position":"zt_newproducts","span":12,"offset":0,"customClass":"","style":"zo2_xhtml","id":"","visibility":{"xs":true,"sm":true,"md":true,"lg":true},"children":[]}]},{"type":"row","name":"Banners","customClass":"zt_banners","id":"zt_banners","fullwidth":false,"visibility":{"xs":true,"sm":true,"md":true,"lg":true},"children":[{"type":"col","name":"zt_banner_4","position":"zt_banner_4","span":12,"offset":0,"customClass":"","style":"zo2_xhtml","id":"","visibility":{"xs":true,"sm":true,"md":true,"lg":true},"children":[]}]},{"type":"row","name":"Bottom","customClass":"zt_bottom","id":"zt_bottom","fullwidth":false,"visibility":{"xs":true,"sm":true,"md":true,"lg":true},"children":[{"type":"col","name":"zt_bottom_2","position":"zt_bottom_2","span":6,"offset":0,"customClass":"col-sm-6","style":"zo2_xhtml","id":"","visibility":{"xs":true,"sm":true,"md":true,"lg":true},"children":[]},{"type":"col","name":"zt_bottom_3","position":"zt_bottom_3","span":6,"offset":0,"customClass":"zt_bottom_3_inner","style":"zo2_xhtml","id":"","visibility":{"xs":true,"sm":true,"md":true,"lg":true},"children":[]}]},{"type":"row","name":"Mainframe","customClass":"zt_mainframe","id":"zt_mainframe","fullwidth":false,"visibility":{"xs":true,"sm":true,"md":true,"lg":true},"children":[{"type":"col","name":"left","position":"left","span":6,"offset":0,"customClass":"zt_left","style":"zo2_xhtml","id":"zt_left","visibility":{"xs":true,"sm":true,"md":true,"lg":true},"children":[]},{"type":"col","name":"message","position":"message","span":6,"offset":0,"customClass":"","style":"none","id":"","visibility":{"xs":true,"sm":true,"md":true,"lg":true},"children":[{"type":"row","name":"Component","customClass":"","id":"component","fullwidth":true,"visibility":{"xs":true,"sm":true,"md":true,"lg":true},"children":[{"type":"col","name":"component","position":"component","span":12,"offset":0,"customClass":"","style":"none","id":"","visibility":{"xs":true,"sm":true,"md":true,"lg":true},"children":[]}]},{"type":"row","name":"Banners","customClass":"","id":"banners","fullwidth":true,"visibility":{"xs":true,"sm":true,"md":true,"lg":true},"children":[{"type":"col","name":"zt_banner_1","position":"zt_banner_1","span":6,"offset":0,"customClass":"col-sm-6","style":"zo2_xhtml","id":"","visibility":{"xs":true,"sm":true,"md":true,"lg":true},"children":[]},{"type":"col","name":"zt_banner_2","position":"zt_banner_2","span":6,"offset":0,"customClass":"col-sm-6","style":"zo2_xhtml","id":"","visibility":{"xs":true,"sm":true,"md":true,"lg":true},"children":[]}]}]},{"type":"col","name":"right","position":"right","span":4,"offset":0,"customClass":"zt_right","style":"zo2_xhtml","id":"zt_right","visibility":{"xs":true,"sm":true,"md":true,"lg":true},"children":[]}]},{"type":"row","name":"Scoller Products","customClass":"","id":"scoller-products","fullwidth":false,"visibility":{"xs":true,"sm":true,"md":true,"lg":true},"children":[{"type":"col","name":"zt_scroller","position":"zt_scroller","span":12,"offset":0,"customClass":"","style":"zo2_xhtml","id":"","visibility":{"xs":true,"sm":true,"md":true,"lg":true},"children":[]}]},{"type":"row","name":"Manufacturers","customClass":"zt_manufacturers","id":"zt_manufacturers","fullwidth":false,"visibility":{"xs":true,"sm":true,"md":true,"lg":true},"children":[{"type":"col","name":"zt_manufacturers","position":"zt_manufacturers","span":12,"offset":0,"customClass":"zt_manufacturers_inner","style":"zo2_xhtml","id":"zt_manufacturers_inner","visibility":{"xs":true,"sm":true,"md":true,"lg":true},"children":[]}]},{"type":"row","name":"Socical","customClass":"zt_socical","id":"zt_socical","fullwidth":false,"visibility":{"xs":true,"sm":true,"md":true,"lg":true},"children":[{"type":"col","name":"zt_socical","position":"zt_socical","span":6,"offset":0,"customClass":"zt_socical_inner col-sm-12","style":"zo2_xhtml","id":"","visibility":{"xs":true,"sm":true,"md":true,"lg":true},"children":[]},{"type":"col","name":"zt_newsletters","position":"zt_newsletters","span":6,"offset":0,"customClass":"zt_newsletters_inner col-sm-12","style":"zo2_xhtml","id":"","visibility":{"xs":true,"sm":true,"md":true,"lg":true},"children":[]}]},{"type":"row","name":"Copyright","customClass":"","id":"copyright","fullwidth":false,"visibility":{"xs":true,"sm":true,"md":true,"lg":true},"children":[{"type":"col","name":"footer_copyright","position":"footer_copyright","span":12,"offset":0,"customClass":"","style":"zo2_xhtml","id":"","visibility":{"xs":true,"sm":true,"md":true,"lg":true},"children":[]}]}]