{
    "build": {
        "core": {
            "less": {
                "admin.styles.less": "admin.styles.css",
                "site.styles.less": "site.styles.css"
            },
            "js": {
                "admin.megamenu.js": "admin.megamenu.js",
				"admin.assets.js": "admin.assets.js",
                "admin.scripts.js": "admin.scripts.js",
                "admin.social.js": "admin.social.js",
                "site.megamenu.js": "site.megamenu.js",
                "site.scripts.js": "site.scripts.js"
            }
        },
        "template": {
            "less": {
                "template.less": "template.css"
            },
            "js": {
            }
        }
    },
    "load": {
        "backend": {
            "bootstrap.2": {
                "paths": [
                    "vendor\/bootstrap\/core\/2.3.2\/css\/bootstrap.min.css",
                    "vendor\/bootstrap\/core\/2.3.2\/js\/bootstrap.min.js"
                ],
                "joomla": [
                    "2.*"
                ]
            },
            "bootstrap.2.font-awesome": {
                "paths": [
                    "vendor\/bootstrap\/addons\/font-awesome\/css\/font-awesome.min.css"
                ]
            },
            "bootstrap.2.colorpicker": {
                "paths": [
                    "vendor\/bootstrap\/addons\/bootstrap-colorpicker\/css\/bootstrap-colorpicker.css",
                    "vendor\/bootstrap\/addons\/bootstrap-colorpicker\/js\/bootstrap-colorpicker.js"
                ]
            },
            "fontselect": {
                "paths": [
                    "vendor\/fontselect\/jquery.fontselect.css",
                    "vendor\/fontselect\/jquery.fontselect.js"
                ]
            },
            "fonthello": {
                "paths": [
                    "vendor\/fontello\/css\/fontello.css"
                ]
            },
            "styles": {
                "paths": [
                    "zo2\/css\/admin.styles.css",
                    "zo2\/css\/admin.megamenu.css"
                ]
            },
            "scripts": {
                "paths": [
                    "zo2\/js\/admin.megamenu.js",
					"zo2\/js\/admin.assets.js",
                    "zo2\/js\/admin.social.js",
                    "zo2\/js\/admin.scripts.js"
                ]
            }
        },
        "frontend": {
            "bootstrap.3": {
                "paths": [
                    "vendor\/bootstrap\/core\/css\/bootstrap.min.css",
                    "vendor\/bootstrap\/core\/js\/bootstrap.min.js"
                ]

            },
            "bootstrap.font-awesome": {
                "paths": [
                    "vendor\/bootstrap\/addons\/font-awesome\/css\/font-awesome.min.css"
                ]
            },
            "bootstrap.colorpicker": {
                "paths": [
                    "vendor\/bootstrap\/addons\/font-awesome\/css\/font-awesome.min.css"
                ]
            },
            "styles": {
                "paths": [
                    "zo2\/css\/site.styles.css",
                    "zo2\/css\/template.css",
                    "zo2\/css\/k2.css",
                    "zo2\/css\/jshop-default.css"
                ]
            },
            "scripts": {
                "paths": [
                    "zo2\/js\/ekko-lightbox.js",
                    "zo2\/js\/jcarousellite_1.0.1.pack.js",
                    "zo2\/js\/megamenu.js"
                ]
            }
        }
    }
}
